,Country,Country info,Capital,Capital info,Capital hint,Flag,Flag similarity,Map,tags
0,England,Constituent country of the United Kingdom.,London,,Not a sovereign country,"<img src=""ug-flag-england.svg"" />",,"<img src=""ug-map-england.png"" />",UG::Europe
1,Scotland,Constituent country of the United Kingdom.,Edinburgh,,,"<img src=""ug-flag-scotland.svg"" />",,"<img src=""ug-map-scotland.png"" />",UG::Europe
2,United Kingdom,,London,,Sovereign country,"<img src=""ug-flag-united_kingdom.svg"" />",,"<img src=""ug-map-united_kingdom.png"" />",UG::Europe UG::European_Union UG::Sovereign_State
3,Northern Ireland,Constituent country of the United Kingdom.,Belfast,,,,,"<img src=""ug-map-northern_ireland.png"" />",UG::Europe
4,France,,Paris,,,"<img src=""ug-flag-france.svg"" />",,"<img src=""ug-map-france.png"" />",UG::Europe UG::European_Union UG::Mediterranean UG::Sovereign_State
5,Wales,Constituent country of the United Kingdom.,Cardiff,,,"<img src=""ug-flag-wales.svg"" />",,"<img src=""ug-map-wales.png"" />",UG::Europe
6,Georgia,,Tbilisi,,,"<img src=""ug-flag-georgia.svg"" />",,"<img src=""ug-map-georgia.png"" />",UG::Europe UG::Sovereign_State
7,Germany,,Berlin,,,"<img src=""ug-flag-germany.svg"" />",,"<img src=""ug-map-germany.png"" />",UG::Europe UG::European_Union UG::Sovereign_State
8,Greece,,Athens,,,"<img src=""ug-flag-greece.svg"" />",,"<img src=""ug-map-greece.png"" />",UG::Europe UG::European_Union UG::Mediterranean UG::Sovereign_State
9,Greenland,Constituent country in the Kingdom of Denmark.,Nuuk,,,"<img src=""ug-flag-greenland.svg"" />",,"<img src=""ug-map-greenland.png"" />",UG::North_America
10,Hungary,,Budapest,,,"<img src=""ug-flag-hungary.svg"" />",,"<img src=""ug-map-hungary.png"" />",UG::Europe UG::European_Union UG::Sovereign_State
11,Albania,,Tirana,,,"<img src=""ug-flag-albania.svg"" />",,"<img src=""ug-map-albania.png"" />",UG::Europe UG::Mediterranean UG::Sovereign_State
12,Andorra,,Andorra la Vella,,,"<img src=""ug-flag-andorra.png"" />","Moldova (wider, coat of arms with eagle)","<img src=""ug-map-andorra.png"" />",UG::Europe UG::Sovereign_State
13,Austria,,Vienna,,,"<img src=""ug-flag-austria.svg"" />","Latvia (darker red, narrower white band)","<img src=""ug-map-austria.png"" />",UG::Europe UG::European_Union UG::Sovereign_State
14,Azerbaijan,,Baku,,,"<img src=""ug-flag-azerbaijan.svg"" />",,"<img src=""ug-map-azerbaijan.png"" />",UG::Europe UG::Sovereign_State
15,Belarus,,Minsk,,,"<img src=""ug-flag-belarus.svg"" />",,"<img src=""ug-map-belarus.png"" />",UG::Europe UG::Sovereign_State
16,Belgium,,Brussels,,Sovereign country,"<img src=""ug-flag-belgium.svg"" />",,"<img src=""ug-map-belgium.png"" />",UG::Europe UG::European_Union UG::Sovereign_State
17,Bosnia and Herzegovina,,Sarajevo,,,"<img src=""ug-flag-bosnia_and_herzegovina.svg"" />",,"<img src=""ug-map-bosnia_and_herzegovina.png"" />",UG::Europe UG::Mediterranean UG::Sovereign_State
18,Bulgaria,,Sofia,,,"<img src=""ug-flag-bulgaria.svg"" />",,"<img src=""ug-map-bulgaria.png"" />",UG::Europe UG::European_Union UG::Sovereign_State
19,Croatia,,Zagreb,,,"<img src=""ug-flag-croatia.png"" />",,"<img src=""ug-map-croatia.png"" />",UG::Europe UG::European_Union UG::Mediterranean UG::Sovereign_State
20,Czech Republic,Also known as Czechia.,Prague,,,"<img src=""ug-flag-czech_republic.svg"" />",,"<img src=""ug-map-czech_republic.png"" />",UG::Europe UG::European_Union UG::Sovereign_State
21,Denmark,,Copenhagen,,,"<img src=""ug-flag-denmark.svg"" />",,"<img src=""ug-map-denmark.png"" />",UG::Europe UG::European_Union UG::Sovereign_State
22,Estonia,,Tallinn,,,"<img src=""ug-flag-estonia.svg"" />",,"<img src=""ug-map-estonia.png"" />",UG::Europe UG::European_Union UG::Sovereign_State
23,Faroe Islands,Constituent country in the Kingdom of Denmark.,Tórshavn,,,"<img src=""ug-flag-faroe_islands.svg"" />","Iceland (blue background, red and white cross), Norway (red background, blue and white cross)","<img src=""ug-map-faroe_islands.png"" />",UG::Europe
24,Finland,,Helsinki,,,"<img src=""ug-flag-finland.svg"" />",,"<img src=""ug-map-finland.png"" />",UG::Europe UG::European_Union UG::Sovereign_State
25,Iceland,,Reykjavík,,,"<img src=""ug-flag-iceland.svg"" />","Norway (red background, blue cross), Faroe Islands (white background, red and blue cross)","<img src=""ug-map-iceland.png"" />",UG::Europe UG::Sovereign_State
26,Ireland,,Dublin,,,"<img src=""ug-flag-ireland.svg"" />","Ivory Coast (green and orange flipped, narrower)","<img src=""ug-map-ireland.png"" />",UG::Europe UG::European_Union UG::Sovereign_State
27,Italy,,Rome,,,"<img src=""ug-flag-italy.svg"" />",,"<img src=""ug-map-italy.png"" />",UG::Europe UG::European_Union UG::Mediterranean UG::Sovereign_State
28,Latvia,,Riga,,,"<img src=""ug-flag-latvia.svg"" />","Austria (brighter red, wider white band)","<img src=""ug-map-latvia.png"" />",UG::Europe UG::European_Union UG::Sovereign_State
29,Liechtenstein,,Vaduz,,,"<img src=""ug-flag-liechtenstein.svg"" />",,"<img src=""ug-map-liechtenstein.png"" />",UG::Europe UG::Sovereign_State
30,Lithuania,,Vilnius,,,"<img src=""ug-flag-lithuania.svg"" />",,"<img src=""ug-map-lithuania.png"" />",UG::Europe UG::European_Union UG::Sovereign_State
31,Luxembourg,,Luxembourg City,Officially Luxembourg.,,"<img src=""ug-flag-luxembourg.svg"" />",Netherlands (darker blue),"<img src=""ug-map-luxembourg.png"" />",UG::Europe UG::European_Union UG::Sovereign_State
32,North Macedonia,Formerly known as Macedonia.,Skopje,,,"<img src=""ug-flag-north_macedonia.svg"" />",,"<img src=""ug-map-north_macedonia.png"" />",UG::Europe UG::Sovereign_State
33,Malta,,Valletta,,,"<img src=""ug-flag-malta.svg"" />",,"<img src=""ug-map-malta.png"" />",UG::Europe UG::European_Union UG::Mediterranean UG::Sovereign_State
34,Moldova,,Chișinău,,,"<img src=""ug-flag-moldova.svg"" />","Andorra (narrower, coat of arms with motto)","<img src=""ug-map-moldova.png"" />",UG::Europe UG::Sovereign_State
35,Monaco,,Monaco,,,"<img src=""ug-flag-monaco.svg"" />","Indonesia (wider, brighter red), Poland (red and white flipped, wider)","<img src=""ug-map-monaco.png"" />",UG::Europe UG::Mediterranean UG::Sovereign_State
36,Montenegro,,Podgorica,Cetinje is an honorary capital.,,"<img src=""ug-flag-montenegro.png"" />",,"<img src=""ug-map-montenegro.png"" />",UG::Europe UG::Mediterranean UG::Sovereign_State
37,Netherlands,,Amsterdam,"While Amsterdam is the official capital, The Hague is the seat of the executive and legislative branches.",,"<img src=""ug-flag-netherlands.svg"" />",Luxembourg (lighter blue),"<img src=""ug-map-netherlands.png"" />",UG::Europe UG::European_Union UG::Sovereign_State
38,Norway,,Oslo,,,"<img src=""ug-flag-norway.svg"" />","Iceland (blue background, red cross), Faroe Islands (white background, red and blue cross)","<img src=""ug-map-norway.png"" />",UG::Europe UG::Sovereign_State
39,Poland,,Warsaw,,,"<img src=""ug-flag-poland.svg"" />","Indonesia (white and red flipped, brighter red), Monaco (white and red flipped, narrower)","<img src=""ug-map-poland.png"" />",UG::Europe UG::European_Union UG::Sovereign_State
40,Portugal,,Lisbon,,,"<img src=""ug-flag-portugal.svg"" />",,"<img src=""ug-map-portugal.png"" />",UG::Europe UG::European_Union UG::Sovereign_State
41,Romania,,Bucharest,,,"<img src=""ug-flag-romania.svg"" />",Chad (slightly darker blue),"<img src=""ug-map-romania.png"" />",UG::Europe UG::European_Union UG::Sovereign_State
42,Russia,,Moscow,,,"<img src=""ug-flag-russia.svg"" />",,"<img src=""ug-map-russia.png"" />",UG::Europe UG::Sovereign_State
43,San Marino,,City of San Marino,,,"<img src=""ug-flag-san_marino.png"" />",,"<img src=""ug-map-san_marino.png"" />",UG::Europe UG::Sovereign_State
44,Serbia,,Belgrade,,,"<img src=""ug-flag-serbia.png"" />",,"<img src=""ug-map-serbia.png"" />",UG::Europe UG::Sovereign_State
45,Slovakia,,Bratislava,,,"<img src=""ug-flag-slovakia.svg"" />",,"<img src=""ug-map-slovakia.png"" />",UG::Europe UG::European_Union UG::Sovereign_State
46,Slovenia,,Ljubljana,,,"<img src=""ug-flag-slovenia.svg"" />",,"<img src=""ug-map-slovenia.png"" />",UG::Europe UG::European_Union UG::Mediterranean UG::Sovereign_State
47,Spain,,Madrid,,,"<img src=""ug-flag-spain.svg"" />",,"<img src=""ug-map-spain.png"" />",UG::Europe UG::European_Union UG::Mediterranean UG::Sovereign_State
48,Sweden,,Stockholm,,,"<img src=""ug-flag-sweden.svg"" />",,"<img src=""ug-map-sweden.png"" />",UG::Europe UG::European_Union UG::Sovereign_State
49,Switzerland,,Bern,,,"<img src=""ug-flag-switzerland.svg"" />",,"<img src=""ug-map-switzerland.png"" />",UG::Europe UG::Sovereign_State
50,Turkey,,Ankara,,,"<img src=""ug-flag-turkey.svg"" />",,"<img src=""ug-map-turkey.png"" />",UG::Asia UG::Mediterranean UG::Middle_East UG::Sovereign_State
51,Ukraine,,Kiev,,,"<img src=""ug-flag-ukraine.svg"" />",,"<img src=""ug-map-ukraine.png"" />",UG::Europe UG::Sovereign_State
52,Vatican City,,Vatican City,,,"<img src=""ug-flag-vatican_city.svg"" />",,"<img src=""ug-map-vatican_city.png"" />",UG::Europe UG::Sovereign_State
53,Armenia,,Yerevan,,,"<img src=""ug-flag-armenia.svg"" />",,"<img src=""ug-map-armenia.png"" />",UG::Europe UG::Sovereign_State
54,Cyprus,,Nicosia,,,"<img src=""ug-flag-cyprus.svg"" />",,"<img src=""ug-map-cyprus.png"" />",UG::Asia UG::European_Union UG::Mediterranean UG::Middle_East UG::Sovereign_State
55,Kazakhstan,,Nur-Sultan,Known as Astana until March 2019.,,"<img src=""ug-flag-kazakhstan.svg"" />",,"<img src=""ug-map-kazakhstan.png"" />",UG::Asia UG::Sovereign_State
56,Egypt,,Cairo,,,"<img src=""ug-flag-egypt.svg"" />","Iraq (text instead of emblem), Syria (two stars instead of emblem), Yemen (no emblem)","<img src=""ug-map-egypt.png"" />",UG::Africa UG::Mediterranean UG::Middle_East UG::Sovereign_State
57,Algeria,,Algiers,,,"<img src=""ug-flag-algeria.svg"" />",,"<img src=""ug-map-algeria.png"" />",UG::Africa UG::Mediterranean UG::Sovereign_State
58,Angola,,Luanda,,,"<img src=""ug-flag-angola.svg"" />",,"<img src=""ug-map-angola.png"" />",UG::Africa UG::Sovereign_State
59,Benin,,Porto-Novo,"While Porto-Novo is the official capital, Cotonou is the de facto seat of government.",,"<img src=""ug-flag-benin.svg"" />",,"<img src=""ug-map-benin.png"" />",UG::Africa UG::Sovereign_State UG::West_Africa
60,Botswana,,Gaborone,,,"<img src=""ug-flag-botswana.svg"" />",,"<img src=""ug-map-botswana.png"" />",UG::Africa UG::Sovereign_State
61,Burkina Faso,,Ouagadougou,,,"<img src=""ug-flag-burkina_faso.svg"" />",,"<img src=""ug-map-burkina_faso.png"" />",UG::Africa UG::Sovereign_State UG::West_Africa
62,Cameroon,,Yaoundé,,,"<img src=""ug-flag-cameroon.svg"" />","Senegal (green/yellow/red, green star)","<img src=""ug-map-cameroon.png"" />",UG::Africa UG::Sovereign_State
63,Burundi,,Gitega,Official capital was moved from Bujumbura to Gitega in 2019.,,"<img src=""ug-flag-burundi.svg"" />",,"<img src=""ug-map-burundi.png"" />",UG::Africa UG::East_Africa UG::Sovereign_State
64,Cape Verde,Also known as Cabo Verde.,Praia,,,"<img src=""ug-flag-cape_verde.svg"" />",,"<img src=""ug-map-cape_verde.png"" />",UG::Africa UG::Sovereign_State UG::West_Africa
65,São Tomé and Príncipe,,São Tomé,,,"<img src=""ug-flag-sao_tome_and_principe.svg"" />",,"<img src=""ug-map-sao_tome_and_principe.png"" />",UG::Africa UG::Sovereign_State
66,Central African Republic,,Bangui,,,"<img src=""ug-flag-central_african_republic.svg"" />",,"<img src=""ug-map-central_african_republic.png"" />",UG::Africa UG::Sovereign_State
67,Chad,,N'Djamena,,,"<img src=""ug-flag-chad.svg"" />",Romania (slightly lighter blue),"<img src=""ug-map-chad.png"" />",UG::Africa UG::Sovereign_State
68,Equatorial Guinea,,Malabo,,,"<img src=""ug-flag-equatorial_guinea.svg"" />",,"<img src=""ug-map-equatorial_guinea.png"" />",UG::Africa UG::Sovereign_State
69,Kenya,,Nairobi,,,"<img src=""ug-flag-kenya.svg"" />",,"<img src=""ug-map-kenya.png"" />",UG::Africa UG::East_Africa UG::Sovereign_State
70,Comoros,,Moroni,,,"<img src=""ug-flag-comoros.svg"" />",,"<img src=""ug-map-comoros.png"" />",UG::Africa UG::East_Africa UG::Sovereign_State
71,Ivory Coast,Officially Côte d'Ivoire.,Yamoussoukro,"While Yamoussoukro is the official capital, Abidjan is the de facto seat of government.",,"<img src=""ug-flag-ivory_coast.svg"" />","Ireland (orange and green flipped, wider)","<img src=""ug-map-ivory_coast.png"" />",UG::Africa UG::Sovereign_State UG::West_Africa
72,Democratic Republic of the Congo,Formerly Zaire.,Kinshasa,,,"<img src=""ug-flag-democratic_republic_of_the_congo.svg"" />",,"<img src=""ug-map-democratic_republic_of_the_congo.png"" />",UG::Africa UG::Sovereign_State
73,Djibouti,,Djibouti,,,"<img src=""ug-flag-djibouti.svg"" />",,"<img src=""ug-map-djibouti.png"" />",UG::Africa UG::East_Africa UG::Sovereign_State
74,Guinea-Bissau,,Bissau,,,"<img src=""ug-flag-guinea-bissau.svg"" />",,"<img src=""ug-map-guinea-bissau.png"" />",UG::Africa UG::Sovereign_State UG::West_Africa
75,Eritrea,,Asmara,,,"<img src=""ug-flag-eritrea.svg"" />",,"<img src=""ug-map-eritrea.png"" />",UG::Africa UG::East_Africa UG::Sovereign_State
76,Ethiopia,,Addis Ababa,,,"<img src=""ug-flag-ethiopia.svg"" />",,"<img src=""ug-map-ethiopia.png"" />",UG::Africa UG::East_Africa UG::Sovereign_State
77,Gabon,,Libreville,,,"<img src=""ug-flag-gabon.svg"" />",,"<img src=""ug-map-gabon.png"" />",UG::Africa UG::Sovereign_State
78,The Gambia,,Banjul,,,"<img src=""ug-flag-the_gambia.svg"" />",,"<img src=""ug-map-the_gambia.png"" />",UG::Africa UG::Sovereign_State UG::West_Africa
79,Lesotho,,Maseru,,,"<img src=""ug-flag-lesotho.svg"" />",,"<img src=""ug-map-lesotho.png"" />",UG::Africa UG::Sovereign_State
80,Liberia,,Monrovia,,,"<img src=""ug-flag-liberia.svg"" />",,"<img src=""ug-map-liberia.png"" />",UG::Africa UG::Sovereign_State UG::West_Africa
81,Madagascar,,Antananarivo,,,"<img src=""ug-flag-madagascar.svg"" />",,"<img src=""ug-map-madagascar.png"" />",UG::Africa UG::East_Africa UG::Sovereign_State
82,Malawi,,Lilongwe,,,"<img src=""ug-flag-malawi.svg"" />",,"<img src=""ug-map-malawi.png"" />",UG::Africa UG::East_Africa UG::Sovereign_State
83,Mali,,Bamako,,,"<img src=""ug-flag-mali.svg"" />","Guinea (green and red flipped, slightly darker green)","<img src=""ug-map-mali.png"" />",UG::Africa UG::Sovereign_State UG::West_Africa
84,Mauritania,,Nouakchott,,,"<img src=""ug-flag-mauritania.svg"" />",,"<img src=""ug-map-mauritania.png"" />",UG::Africa UG::Sovereign_State UG::West_Africa
85,Mauritius,,Port Louis,,,"<img src=""ug-flag-mauritius.svg"" />",,"<img src=""ug-map-mauritius.png"" />",UG::Africa UG::East_Africa UG::Sovereign_State
86,Morocco,,Rabat,,,"<img src=""ug-flag-morocco.svg"" />",,"<img src=""ug-map-morocco.png"" />",UG::Africa UG::Mediterranean UG::Sovereign_State
87,Mozambique,,Maputo,,,"<img src=""ug-flag-mozambique.svg"" />",,"<img src=""ug-map-mozambique.png"" />",UG::Africa UG::East_Africa UG::Sovereign_State
88,Namibia,,Windhoek,,,"<img src=""ug-flag-namibia.svg"" />",,"<img src=""ug-map-namibia.png"" />",UG::Africa UG::Sovereign_State
89,Niger,,Niamey,,,"<img src=""ug-flag-niger.svg"" />",,"<img src=""ug-map-niger.png"" />",UG::Africa UG::Sovereign_State UG::West_Africa
90,Nigeria,,Abuja,,,"<img src=""ug-flag-nigeria.svg"" />",,"<img src=""ug-map-nigeria.png"" />",UG::Africa UG::Sovereign_State UG::West_Africa
91,Republic of the Congo,,Brazzaville,,,"<img src=""ug-flag-republic_of_the_congo.svg"" />",,"<img src=""ug-map-republic_of_the_congo.png"" />",UG::Africa UG::Sovereign_State
92,Rwanda,,Kigali,,,"<img src=""ug-flag-rwanda.svg"" />",,"<img src=""ug-map-rwanda.png"" />",UG::Africa UG::East_Africa UG::Sovereign_State
93,Senegal,,Dakar,,,"<img src=""ug-flag-senegal.svg"" />","Cameroon (green/red/yellow, yellow star)","<img src=""ug-map-senegal.png"" />",UG::Africa UG::Sovereign_State UG::West_Africa
94,Seychelles,,Victoria,,,"<img src=""ug-flag-seychelles.svg"" />",,"<img src=""ug-map-seychelles.png"" />",UG::Africa UG::East_Africa UG::Sovereign_State
95,Sierra Leone,,Freetown,,,"<img src=""ug-flag-sierra_leone.svg"" />",Galápagos Islands (slightly darker blue),"<img src=""ug-map-sierra_leone.png"" />",UG::Africa UG::Sovereign_State UG::West_Africa
96,South Africa,,"Pretoria, Cape Town, Bloemfontein","South Africa has no legally defined capital: the branches of government are split over three cities: Pretoria (executive), Cape Town (legislative) and Bloemfontein (judicial).",,"<img src=""ug-flag-south_africa.svg"" />",,"<img src=""ug-map-south_africa.png"" />",UG::Africa UG::Sovereign_State
97,Sudan,,Khartoum,,,"<img src=""ug-flag-sudan.svg"" />","Palestine (red arrow, green stripe)","<img src=""ug-map-sudan.png"" />",UG::Africa UG::Sovereign_State
98,Eswatini,Known as Swaziland until 2018.,Mbabane,"While Mbabane is the official, executive capital, Lobamba is the traditional, spiritual and legislative capital.",,"<img src=""ug-flag-eswatini.svg"" />",,"<img src=""ug-map-eswatini.png"" />",UG::Africa UG::Sovereign_State
99,Tanzania,,Dodoma,"While Dodoma is the official capital, Dar es Salaam is the de facto seat of government.",,"<img src=""ug-flag-tanzania.svg"" />",,"<img src=""ug-map-tanzania.png"" />",UG::Africa UG::East_Africa UG::Sovereign_State
100,Togo,,Lomé,,,"<img src=""ug-flag-togo.svg"" />",,"<img src=""ug-map-togo.png"" />",UG::Africa UG::Sovereign_State UG::West_Africa
101,Tunisia,,Tunis,,,"<img src=""ug-flag-tunisia.svg"" />",,"<img src=""ug-map-tunisia.png"" />",UG::Africa UG::Mediterranean UG::Sovereign_State
102,Uganda,,Kampala,,,"<img src=""ug-flag-uganda.svg"" />",,"<img src=""ug-map-uganda.png"" />",UG::Africa UG::East_Africa UG::Sovereign_State
103,Sahrawi Arab Democratic Republic,Partially recognised state claimed by Morocco.,Laayoune,"While Laayoune, also known as El Aaiún, is the declared capital, Tifariti is the de facto seat of government.",,"<img src=""ug-flag-sahrawi_arab_democratic_republic.svg"" />",,"<img src=""ug-map-sahrawi_arab_democratic_republic.png"" />",UG::Africa UG::Sovereign_State
104,Zambia,,Lusaka,,,"<img src=""ug-flag-zambia.svg"" />",,"<img src=""ug-map-zambia.png"" />",UG::Africa UG::East_Africa UG::Sovereign_State
105,Zimbabwe,,Harare,,,"<img src=""ug-flag-zimbabwe.svg"" />",,"<img src=""ug-map-zimbabwe.png"" />",UG::Africa UG::East_Africa UG::Sovereign_State
106,Canary Islands,Autonomous community of Spain.,"Santa Cruz de Tenerife, Las Palmas",The capital is shared between the two cities of Santa Cruz de Tenerife and Las Palmas.,,"<img src=""ug-flag-canary_islands.svg"" />",,"<img src=""ug-map-canary_islands.png"" />",UG::Africa
107,Afghanistan,,Kabul,,,"<img src=""ug-flag-afghanistan.png"" />",,"<img src=""ug-map-afghanistan.png"" />",UG::Asia UG::Sovereign_State
108,Bahrain,,Manama,,,"<img src=""ug-flag-bahrain.svg"" />","Qatar (wider, more serrated edges, maroon)","<img src=""ug-map-bahrain.png"" />",UG::Asia UG::Middle_East UG::Sovereign_State
109,Bangladesh,,Dhaka,,,"<img src=""ug-flag-bangladesh.svg"" />",,"<img src=""ug-map-bangladesh.png"" />",UG::Asia UG::Sovereign_State
110,Bhutan,,Thimphu,,,"<img src=""ug-flag-bhutan.svg"" />",,"<img src=""ug-map-bhutan.png"" />",UG::Asia UG::Sovereign_State
111,Brunei,,Bandar Seri Begawan,,,"<img src=""ug-flag-brunei.svg"" />",,"<img src=""ug-map-brunei.png"" />",UG::Asia UG::Southeast_Asia UG::Sovereign_State
112,China,,Beijing,,,"<img src=""ug-flag-china.svg"" />",,"<img src=""ug-map-china.png"" />",UG::Asia UG::Sovereign_State
113,Cambodia,,Phnom Penh,,,"<img src=""ug-flag-cambodia.svg"" />",,"<img src=""ug-map-cambodia.png"" />",UG::Asia UG::Southeast_Asia UG::Sovereign_State
114,Indonesia,,Jakarta,,,"<img src=""ug-flag-indonesia.svg"" />","Monaco (narrower, darker red), Poland (red and white flipped, darker red)","<img src=""ug-map-indonesia.png"" />",UG::Asia UG::Southeast_Asia UG::Sovereign_State
115,India,,New Delhi,,,"<img src=""ug-flag-india.svg"" />",,"<img src=""ug-map-india.png"" />",UG::Asia UG::Sovereign_State
116,Hong Kong,Special Administrative Region of China.,,,,"<img src=""ug-flag-hong_kong.svg"" />",,"<img src=""ug-map-hong_kong.png"" />",UG::Asia
117,Iran,,Tehran,,,"<img src=""ug-flag-iran.svg"" />",,"<img src=""ug-map-iran.png"" />",UG::Asia UG::Middle_East UG::Sovereign_State
118,Israel,,Jerusalem,,,"<img src=""ug-flag-israel.svg"" />",,"<img src=""ug-map-israel.png"" />",UG::Asia UG::Mediterranean UG::Middle_East UG::Sovereign_State
119,Iraq,,Baghdad,,,"<img src=""ug-flag-iraq.svg"" />","Egypt (emblem instead of text), Syria (two stars instead of text), Yemen (no text)","<img src=""ug-map-iraq.png"" />",UG::Asia UG::Middle_East UG::Sovereign_State
120,South Korea,,Seoul,,,"<img src=""ug-flag-south_korea.svg"" />",,"<img src=""ug-map-south_korea.png"" />",UG::Asia UG::Sovereign_State
121,North Korea,,Pyongyang,,,"<img src=""ug-flag-north_korea.svg"" />",,"<img src=""ug-map-north_korea.png"" />",UG::Asia UG::Sovereign_State
122,Jordan,,Amman,,,"<img src=""ug-flag-jordan.svg"" />",,"<img src=""ug-map-jordan.png"" />",UG::Asia UG::Middle_East UG::Sovereign_State
123,Japan,,Tokyo,,,"<img src=""ug-flag-japan.svg"" />",,"<img src=""ug-map-japan.png"" />",UG::Asia UG::Sovereign_State
124,Lebanon,,Beirut,,,"<img src=""ug-flag-lebanon.svg"" />",,"<img src=""ug-map-lebanon.png"" />",UG::Asia UG::Mediterranean UG::Middle_East UG::Sovereign_State
125,Laos,,Vientiane,,,"<img src=""ug-flag-laos.svg"" />",,"<img src=""ug-map-laos.png"" />",UG::Asia UG::Southeast_Asia UG::Sovereign_State
126,Kyrgyzstan,,Bishkek,,,"<img src=""ug-flag-kyrgyzstan.svg"" />",,"<img src=""ug-map-kyrgyzstan.png"" />",UG::Asia UG::Sovereign_State
127,Kuwait,,Kuwait City,,,"<img src=""ug-flag-kuwait.svg"" />",,"<img src=""ug-map-kuwait.png"" />",UG::Asia UG::Middle_East UG::Sovereign_State
128,Myanmar,Also known as Burma.,Naypyidaw,,,"<img src=""ug-flag-myanmar.svg"" />",,"<img src=""ug-map-myanmar.png"" />",UG::Asia UG::Southeast_Asia UG::Sovereign_State
129,Mongolia,,Ulaanbaatar,,,"<img src=""ug-flag-mongolia.svg"" />",,"<img src=""ug-map-mongolia.png"" />",UG::Asia UG::Sovereign_State
130,Maldives,,Malé,,,"<img src=""ug-flag-maldives.svg"" />",,"<img src=""ug-map-maldives.png"" />",UG::Asia UG::Sovereign_State
131,Malaysia,,Kuala Lumpur,,,"<img src=""ug-flag-malaysia.svg"" />",,"<img src=""ug-map-malaysia.png"" />",UG::Asia UG::Southeast_Asia UG::Sovereign_State
132,Oman,,Muscat,,,"<img src=""ug-flag-oman.svg"" />",,"<img src=""ug-map-oman.png"" />",UG::Asia UG::Middle_East UG::Sovereign_State
133,Nepal,,Kathmandu,,,"<img src=""ug-flag-nepal-nobox.svg"" />",,"<img src=""ug-map-nepal.png"" />",UG::Asia UG::Sovereign_State
134,Palestine,,Ramallah,,,"<img src=""ug-flag-palestine.svg"" />","Sudan (green arrow, red stripe)","<img src=""ug-map-palestine.png"" />",UG::Asia UG::Mediterranean UG::Middle_East UG::Sovereign_State
135,Pakistan,,Islamabad,,,"<img src=""ug-flag-pakistan.svg"" />",,"<img src=""ug-map-pakistan.png"" />",UG::Asia UG::Sovereign_State
136,Qatar,,Doha,,,"<img src=""ug-flag-qatar.svg"" />","Bahrain (narrower, fewer serrated edges, red)","<img src=""ug-map-qatar.png"" />",UG::Asia UG::Middle_East UG::Sovereign_State
137,Saudi Arabia,,Riyadh,,,"<img src=""ug-flag-saudi_arabia.svg"" />",,"<img src=""ug-map-saudi_arabia.png"" />",UG::Asia UG::Middle_East UG::Sovereign_State
138,Singapore,,Singapore,,,"<img src=""ug-flag-singapore.svg"" />",,"<img src=""ug-map-singapore.png"" />",UG::Asia UG::Southeast_Asia UG::Sovereign_State
139,Syria,,Damascus,,,"<img src=""ug-flag-syria.svg"" />","Egypt (emblem instead of stars), Iraq (text instead of stars), Yemen (no stars)","<img src=""ug-map-syria.png"" />",UG::Asia UG::Mediterranean UG::Middle_East UG::Sovereign_State
140,Taiwan,Partially recognised state claimed by China.,Taipei,,,"<img src=""ug-flag-taiwan.svg"" />",,"<img src=""ug-map-taiwan.png"" />",UG::Asia UG::Sovereign_State
141,Sri Lanka,,Sri Jayawardenepura Kotte,"Colombo is often referred to as the capital but Sri Jayawardenepura Kotte, a suburb of Colombo, is the official, legislative capital.",,"<img src=""ug-flag-sri_lanka.svg"" />",,"<img src=""ug-map-sri_lanka.png"" />",UG::Asia UG::Sovereign_State
142,Tajikistan,,Dushanbe,,,"<img src=""ug-flag-tajikistan.svg"" />",,"<img src=""ug-map-tajikistan.png"" />",UG::Asia UG::Sovereign_State
143,Thailand,,Bangkok,,,"<img src=""ug-flag-thailand.svg"" />",,"<img src=""ug-map-thailand.png"" />",UG::Asia UG::Southeast_Asia UG::Sovereign_State
144,East Timor,Also known as Timor-Leste.,Dili,,,"<img src=""ug-flag-east_timor.svg"" />",,"<img src=""ug-map-east_timor.png"" />",UG::Asia UG::Southeast_Asia UG::Sovereign_State
145,United Arab Emirates,,Abu Dhabi,,,"<img src=""ug-flag-united_arab_emirates.svg"" />",,"<img src=""ug-map-united_arab_emirates.png"" />",UG::Asia UG::Middle_East UG::Sovereign_State
146,Turkmenistan,,Ashgabat,,,"<img src=""ug-flag-turkmenistan.svg"" />",,"<img src=""ug-map-turkmenistan.png"" />",UG::Asia UG::Sovereign_State
147,Yemen,,Sana'a,,,"<img src=""ug-flag-yemen.svg"" />","Egypt (with emblem), Iraq (with text), Syria (with two stars)","<img src=""ug-map-yemen.png"" />",UG::Asia UG::Middle_East UG::Sovereign_State
148,Vietnam,,Hanoi,,,"<img src=""ug-flag-vietnam.svg"" />",,"<img src=""ug-map-vietnam.png"" />",UG::Asia UG::Southeast_Asia UG::Sovereign_State
149,Uzbekistan,,Tashkent,,,"<img src=""ug-flag-uzbekistan.svg"" />",,"<img src=""ug-map-uzbekistan.png"" />",UG::Asia UG::Sovereign_State
150,Fiji,,Suva,,,"<img src=""ug-flag-fiji.svg"" />",,"<img src=""ug-map-fiji.png"" />",UG::Oceania UG::Sovereign_State
151,Papua New Guinea,,Port Moresby,,,"<img src=""ug-flag-papua_new_guinea.svg"" />",,"<img src=""ug-map-papua_new_guinea.png"" />",UG::Oceania UG::Sovereign_State
152,Australia,,Canberra,,,"<img src=""ug-flag-australia.svg"" />","New Zealand (red stars, two fewer stars)","<img src=""ug-map-australia.png"" />",UG::Oceania UG::Sovereign_State
153,Solomon Islands,,Honiara,,,"<img src=""ug-flag-solomon_islands.svg"" />",,"<img src=""ug-map-solomon_islands.png"" />",UG::Oceania UG::Sovereign_State
154,Argentina,,Buenos Aires,,,"<img src=""ug-flag-argentina.svg"" />",,"<img src=""ug-map-argentina.png"" />",UG::South_America UG::Sovereign_State
155,Bolivia,,Sucre,"While Sucre is the constitutional capital, La Paz is the seat of government.",,"<img src=""ug-flag-bolivia-blur.png"" /><img src=""ug-flag-bolivia.png"" />",Ghana (star instead of coat of arms),"<img src=""ug-map-bolivia.png"" />",UG::South_America UG::Sovereign_State
156,Brazil,,Brasilia,,,"<img src=""ug-flag-brazil.svg"" />",,"<img src=""ug-map-brazil.png"" />",UG::South_America UG::Sovereign_State
157,Chile,,Santiago,,,"<img src=""ug-flag-chile.svg"" />",,"<img src=""ug-map-chile.png"" />",UG::South_America UG::Sovereign_State
158,Colombia,,Bogotá,,,"<img src=""ug-flag-colombia.svg"" />",Ecuador (with coat of arms),"<img src=""ug-map-colombia.png"" />",UG::South_America UG::Sovereign_State
159,Ecuador,,Quito,,,"<img src=""ug-flag-ecuador.png"" />",Colombia (no coat of arms),"<img src=""ug-map-ecuador.png"" />",UG::South_America UG::Sovereign_State
160,Guyana,,Georgetown,,Sovereign country,"<img src=""ug-flag-guyana.svg"" />",,"<img src=""ug-map-guyana.png"" />",UG::South_America UG::Sovereign_State
161,Paraguay,,Asunción,,,"<img src=""ug-flag-paraguay-blur.svg"" /><img src=""ug-flag-paraguay.svg"" />",,"<img src=""ug-map-paraguay.png"" />",UG::South_America UG::Sovereign_State
162,Peru,,Lima,,,"<img src=""ug-flag-peru.png"" />",,"<img src=""ug-map-peru.png"" />",UG::South_America UG::Sovereign_State
163,Suriname,,Paramaribo,,,"<img src=""ug-flag-suriname.svg"" />",,"<img src=""ug-map-suriname.png"" />",UG::South_America UG::Sovereign_State
164,Uruguay,,Montevideo,,,"<img src=""ug-flag-uruguay.svg"" />",,"<img src=""ug-map-uruguay.png"" />",UG::South_America UG::Sovereign_State
165,Venezuela,,Caracas,,,"<img src=""ug-flag-venezuela.png"" />",,"<img src=""ug-map-venezuela.png"" />",UG::South_America UG::Sovereign_State
166,Cook Islands,,Avarua,,,"<img src=""ug-flag-cook_islands.svg"" />",,"<img src=""ug-map-cook_islands.png"" />",UG::Oceania UG::Sovereign_State
167,Federated States of Micronesia,,Palikir,,,"<img src=""ug-flag-federated_states_of_micronesia.svg"" />",,"<img src=""ug-map-federated_states_of_micronesia.png"" />",UG::Oceania UG::Sovereign_State
168,Guam,Unincorporated territory of the United States.,Hagåtña,,,"<img src=""ug-flag-guam-blur.svg"" /><img src=""ug-flag-guam.svg"" />",,"<img src=""ug-map-guam.png"" />",UG::Oceania
169,Vanuatu,,Port Vila,,,"<img src=""ug-flag-vanuatu.svg"" />",,"<img src=""ug-map-vanuatu.png"" />",UG::Oceania UG::Sovereign_State
170,Canada,,Ottawa,,,"<img src=""ug-flag-canada.svg"" />",,"<img src=""ug-map-canada.png"" />",UG::North_America UG::Sovereign_State
171,United States of America,,"Washington, D.C.",,,"<img src=""ug-flag-united_states_of_america.svg"" />",,"<img src=""ug-map-united_states_of_america.png"" />",UG::North_America UG::Sovereign_State
172,Mexico,,Mexico City,,,"<img src=""ug-flag-mexico.png"" />",,"<img src=""ug-map-mexico.png"" />",UG::North_America UG::Sovereign_State
173,Puerto Rico,Unincorporated territory of the United States.,San Juan,,,"<img src=""ug-flag-puerto_rico.svg"" />","Cuba (red triangle, blue stripes)","<img src=""ug-map-puerto_rico.png"" />",UG::Caribbean UG::North_America
174,Cuba,,Havana,,,"<img src=""ug-flag-cuba.svg"" />","Puerto Rico (blue triangle, red stripes)","<img src=""ug-map-cuba.png"" />",UG::Caribbean UG::North_America UG::Sovereign_State
175,Dominican Republic,,Santo Domingo,,,"<img src=""ug-flag-dominican_republic.png"" />",,"<img src=""ug-map-dominican_republic.png"" />",UG::Caribbean UG::North_America UG::Sovereign_State
176,Haiti,,Port-au-Prince,,,"<img src=""ug-flag-haiti.svg"" />",,"<img src=""ug-map-haiti.png"" />",UG::Caribbean UG::North_America UG::Sovereign_State
177,Jamaica,,Kingston,,Sovereign country,"<img src=""ug-flag-jamaica.svg"" />",,"<img src=""ug-map-jamaica.png"" />",UG::Caribbean UG::North_America UG::Sovereign_State
178,Trinidad and Tobago,,Port of Spain,,,"<img src=""ug-flag-trinidad_and_tobago.svg"" />",,"<img src=""ug-map-trinidad_and_tobago.png"" />",UG::Caribbean UG::North_America UG::Sovereign_State
179,Bermuda,Overseas territory of the United Kingdom.,Hamilton,,,"<img src=""ug-flag-bermuda.svg"" />",,"<img src=""ug-map-bermuda.png"" />",UG::Caribbean UG::North_America
180,Guadeloupe,Overseas department of France.,Basse-Terre,,Not a sovereign country,,,"<img src=""ug-map-guadeloupe.png"" />",UG::Caribbean UG::North_America
181,The Bahamas,,Nassau,,,"<img src=""ug-flag-the_bahamas.svg"" />",,"<img src=""ug-map-the_bahamas.png"" />",UG::Caribbean UG::North_America UG::Sovereign_State
182,Barbados,,Bridgetown,,,"<img src=""ug-flag-barbados.svg"" />",,"<img src=""ug-map-barbados.png"" />",UG::Caribbean UG::North_America UG::Sovereign_State
183,Belize,,Belmopan,,,"<img src=""ug-flag-belize.png"" />",,"<img src=""ug-map-belize.png"" />",UG::North_America UG::Sovereign_State
184,Costa Rica,,San José,,,"<img src=""ug-flag-costa_rica.png"" />",,"<img src=""ug-map-costa_rica.png"" />",UG::North_America UG::Sovereign_State
185,El Salvador,,San Salvador,,,"<img src=""ug-flag-el_salvador-blur.png"" /><img src=""ug-flag-el_salvador.png"" />","Nicaragua (different coat of arms, slightly lighter blue)","<img src=""ug-map-el_salvador.png"" />",UG::North_America UG::Sovereign_State
186,Guatemala,,Guatemala City,,,"<img src=""ug-flag-guatemala.png"" />",,"<img src=""ug-map-guatemala.png"" />",UG::North_America UG::Sovereign_State
187,Honduras,,Tegucigalpa,,,"<img src=""ug-flag-honduras.svg"" />",,"<img src=""ug-map-honduras.png"" />",UG::North_America UG::Sovereign_State
188,Nicaragua,,Managua,,,"<img src=""ug-flag-nicaragua-blur.svg"" /><img src=""ug-flag-nicaragua.svg"" />","El Salvador (different coat of arms, slightly darker blue)","<img src=""ug-map-nicaragua.png"" />",UG::North_America UG::Sovereign_State
189,Panama,,Panama City,,,"<img src=""ug-flag-panama.svg"" />",,"<img src=""ug-map-panama.png"" />",UG::North_America UG::Sovereign_State
190,Antigua and Barbuda,,St. John's,,,"<img src=""ug-flag-antigua_and_barbuda.svg"" />",,"<img src=""ug-map-antigua_and_barbuda.png"" />",UG::Caribbean UG::North_America UG::Sovereign_State
191,Dominica,,Roseau,,,"<img src=""ug-flag-dominica.svg"" />",,"<img src=""ug-map-dominica.png"" />",UG::Caribbean UG::North_America UG::Sovereign_State
192,Saint Vincent and the Grenadines,,Kingstown,,,"<img src=""ug-flag-saint_vincent_and_the_grenadines.svg"" />",,"<img src=""ug-map-saint_vincent_and_the_grenadines.png"" />",UG::Caribbean UG::North_America UG::Sovereign_State
193,Somalia,,Mogadishu,,,"<img src=""ug-flag-somalia.svg"" />",,"<img src=""ug-map-somalia.png"" />",UG::Africa UG::East_Africa UG::Sovereign_State
194,Zanzibar,Semi-autonomous region of Tanzania.,Zanzibar City,,,"<img src=""ug-flag-zanzibar.svg"" />",,"<img src=""ug-map-zanzibar.png"" />",UG::Africa
195,Ghana,,Accra,,,"<img src=""ug-flag-ghana.svg"" />",Bolivia (coat of arms instead of star),"<img src=""ug-map-ghana.png"" />",UG::Africa UG::Sovereign_State UG::West_Africa
196,Guinea,,Conakry,,,"<img src=""ug-flag-guinea.svg"" />","Mali (red and green flipped, slightly brighter green)","<img src=""ug-map-guinea.png"" />",UG::Africa UG::Sovereign_State UG::West_Africa
197,New Zealand,,Wellington,,,"<img src=""ug-flag-new_zealand.svg"" />","Australia (white stars, two more stars)","<img src=""ug-map-new_zealand.png"" />",UG::Oceania UG::Sovereign_State
198,French Polynesia,Overseas territory of France.,Papeete,,,"<img src=""ug-flag-french_polynesia.svg"" />",,"<img src=""ug-map-french_polynesia.png"" />",UG::Oceania
199,Philippines,,Manila,,,"<img src=""ug-flag-philippines.svg"" />",,"<img src=""ug-map-philippines.png"" />",UG::Asia UG::Southeast_Asia UG::Sovereign_State
200,Galápagos Islands,Province of Ecuador.,Puerto Baquerizo Moreno,,,"<img src=""ug-flag-galapagos_islands.svg"" />",Sierra Leone (slightly lighter blue),"<img src=""ug-map-galapagos_islands.png"" />",UG::South_America
201,Kosovo,Partially recognised state claimed by Serbia.,Pristina,,,"<img src=""ug-flag-kosovo.svg"" />",,"<img src=""ug-map-kosovo.png"" />",UG::Europe UG::Sovereign_State
202,Libya,,Tripoli,,,"<img src=""ug-flag-libya.svg"" />",,"<img src=""ug-map-libya.png"" />",UG::Africa UG::Mediterranean UG::Sovereign_State
203,Palau,,Ngerulmud,,,"<img src=""ug-flag-palau.svg"" />",,"<img src=""ug-map-palau.png"" />",UG::Oceania UG::Sovereign_State
204,Saint Lucia,,Castries,,,"<img src=""ug-flag-saint_lucia.svg"" />",,"<img src=""ug-map-saint_lucia.png"" />",UG::Caribbean UG::North_America UG::Sovereign_State
205,Bali,Province of Indonesia.,Denpasar,,,"<img src=""ug-flag-bali-blur.png"" /><img src=""ug-flag-bali.png"" />",,"<img src=""ug-map-bali.png"" />",UG::Asia
206,Grenada,,St. George's,,,"<img src=""ug-flag-grenada.svg"" />",,"<img src=""ug-map-grenada.png"" />",UG::Caribbean UG::North_America UG::Sovereign_State
207,Bonaire,Special municipality of the Netherlands.,Kralendijk,,,"<img src=""ug-flag-bonaire.svg"" />",,"<img src=""ug-map-bonaire.png"" />",UG::Caribbean UG::North_America
208,British Virgin Islands,Overseas territory of the United Kingdom.,Road Town,,,"<img src=""ug-flag-british_virgin_islands.svg"" />",,"<img src=""ug-map-british_virgin_islands.png"" />",UG::Caribbean UG::North_America
209,Turks and Caicos Islands,Overseas territory of the United Kingdom.,Cockburn Town,,,"<img src=""ug-flag-turks_and_caicos_islands.svg"" />",,"<img src=""ug-map-turks_and_caicos_islands.png"" />",UG::Caribbean UG::North_America
210,Cayman Islands,Overseas territory of the United Kingdom.,George Town,,Not a sovereign country,"<img src=""ug-flag-cayman_islands.svg"" />",,"<img src=""ug-map-cayman_islands.png"" />",UG::Caribbean UG::North_America
211,Anguilla,Overseas territory of the United Kingdom.,The Valley,,,"<img src=""ug-flag-anguilla.svg"" />",,"<img src=""ug-map-anguilla.png"" />",UG::Caribbean UG::North_America
212,Azores,Autonomous region of Portugal.,Ponta Delgada,,,"<img src=""ug-flag-azores.svg"" />",,"<img src=""ug-map-azores.png"" />",UG::Europe
213,Ceuta,Autonomous city of Spain.,,,,"<img src=""ug-flag-ceuta.png"" />",,"<img src=""ug-map-ceuta.png"" />",UG::Europe
214,Christmas Island,External territory of Australia.,Flying Fish Cove,,,"<img src=""ug-flag-christmas_island.svg"" />",,"<img src=""ug-map-christmas_island.png"" />",UG::Asia UG::Southeast_Asia
215,Curaçao,Constituent country of the Kingdom of the Netherlands.,Willemstad,,,"<img src=""ug-flag-curacao.svg"" />",Nauru (single star below yellow band),"<img src=""ug-map-curacao.png"" />",UG::Caribbean UG::North_America
216,Easter Island,Polynesian island and special territory of Chile.,,,,"<img src=""ug-flag-easter_island.svg"" />",,"<img src=""ug-map-easter_island.png"" />",UG::Oceania
217,French Guiana,Overseas department of France.,Cayenne,,,,,"<img src=""ug-map-french_guiana.png"" />",UG::South_America
218,Gibraltar,Overseas territory of the United Kingdom.,Gibraltar,,,"<img src=""ug-flag-gibraltar.svg"" />",,"<img src=""ug-map-gibraltar.png"" />",UG::Europe UG::Mediterranean
219,Guernsey,Crown dependency of the United Kingdom.,St. Peter Port,,,"<img src=""ug-flag-guernsey.svg"" />",,"<img src=""ug-map-guernsey.png"" />",UG::Europe
220,Isle of Man,Crown dependency of the United Kingdom.,Douglas,,,"<img src=""ug-flag-isle_of_man.svg"" />",,"<img src=""ug-map-isle_of_man.png"" />",UG::Europe
221,Jersey,Crown dependency of the United Kingdom.,Saint Helier,,,"<img src=""ug-flag-jersey.svg"" />",,"<img src=""ug-map-jersey.png"" />",UG::Europe
222,Kiribati,,Tarawa,,,"<img src=""ug-flag-kiribati.svg"" />",,"<img src=""ug-map-kiribati.png"" />",UG::Oceania UG::Sovereign_State
223,Macau,Special Administrative Region of China.,,,,"<img src=""ug-flag-macau.svg"" />",,"<img src=""ug-map-macau.png"" />",UG::Asia
224,Madeira,Autonomous region of Portugal.,Funchal,,,"<img src=""ug-flag-madeira.svg"" />",,"<img src=""ug-map-madeira.png"" />",UG::Europe
225,Marshall Islands,,Majuro,,,"<img src=""ug-flag-marshall_islands.svg"" />",,"<img src=""ug-map-marshall_islands.png"" />",UG::Oceania UG::Sovereign_State
226,Melilla,Autonomous city of Spain,,,,"<img src=""ug-flag-melilla.png"" />",,"<img src=""ug-map-melilla.png"" />",UG::Europe
227,Montserrat,Overseas territory of the United Kingdom.,Brades,"Eruptions in 1997 destroyed the capital city of Plymouth, making Brades the de facto capital.",,"<img src=""ug-flag-montserrat.svg"" />",,"<img src=""ug-map-montserrat.png"" />",UG::Caribbean UG::North_America
228,Nauru,,Yaren,Nauru has no official capital; the Yaren District is the de facto capital.,,"<img src=""ug-flag-nauru.svg"" />",Curaçao (two stars in top-left corner),"<img src=""ug-map-nauru.png"" />",UG::Oceania UG::Sovereign_State
229,New Caledonia,Overseas territory of France.,Nouméa,,,"<img src=""ug-flag-new_caledonia.svg"" />",,"<img src=""ug-map-new_caledonia.png"" />",UG::Oceania
230,Niue,,Alofi,,,"<img src=""ug-flag-niue.svg"" />",,"<img src=""ug-map-niue.png"" />",UG::Oceania UG::Sovereign_State
231,Norfolk Island,External territory of Australia.,Kingston,,Not a sovereign country,"<img src=""ug-flag-norfolk_island.svg"" />",,"<img src=""ug-map-norfolk_island.png"" />",UG::Oceania
232,Northern Cyprus,State recognised only by Turkey and claimed by Cyprus.,North Nicosia,,,"<img src=""ug-flag-northern_cyprus.svg"" />",,"<img src=""ug-map-northern_cyprus.png"" />",UG::Asia UG::Mediterranean UG::Middle_East UG::Sovereign_State
233,Saba,Special municipality of the Netherlands.,The Bottom,,,"<img src=""ug-flag-saba.svg"" />",,"<img src=""ug-map-saba.png"" />",UG::Caribbean UG::North_America
234,Saint Kitts and Nevis,,Basseterre,,Sovereign country,"<img src=""ug-flag-saint_kitts_and_nevis.svg"" />",,"<img src=""ug-map-saint_kitts_and_nevis.png"" />",UG::Caribbean UG::North_America UG::Sovereign_State
235,Samoa,,Apia,,,"<img src=""ug-flag-samoa.svg"" />",,"<img src=""ug-map-samoa.png"" />",UG::Oceania UG::Sovereign_State
236,Somaliland,Independent state claimed by Somalia.,Hargeisa,,,"<img src=""ug-flag-somaliland.svg"" />",,"<img src=""ug-map-somaliland.png"" />",UG::Africa UG::East_Africa UG::Sovereign_State
237,South Sudan,,Juba,,,"<img src=""ug-flag-south_sudan.svg"" />",,"<img src=""ug-map-south_sudan.png"" />",UG::Africa UG::East_Africa UG::Sovereign_State
238,Tuvalu,,Funafuti,,,"<img src=""ug-flag-tuvalu.svg"" />",,"<img src=""ug-map-tuvalu.png"" />",UG::Oceania UG::Sovereign_State
239,United States Virgin Islands,Unincorporated territory of the United States.,Charlotte Amalie,,,"<img src=""ug-flag-united_states_virgin_islands.svg"" />",,"<img src=""ug-map-united_states_virgin_islands.png"" />",UG::Caribbean UG::North_America
240,Pitcairn Islands,Overseas territory of the United Kingdom.,Adamstown,,,"<img src=""ug-flag-pitcairn_islands.svg"" />",,"<img src=""ug-map-pitcairn_islands.png"" />",UG::Oceania
241,Åland Islands,Autonomous region of Finland.,Mariehamn,,,"<img src=""ug-flag-aland_islands.svg"" />",,"<img src=""ug-map-aland_islands.png"" />",UG::Europe
242,Cocos (Keeling) Islands,External territory of Australia.,West Island,,,"<img src=""ug-flag-cocos_islands.svg"" />",,"<img src=""ug-map-cocos_islands.png"" />",UG::Asia UG::Southeast_Asia
243,Saint Helena,"Part of Saint Helena, Ascension and Tristan da Cunha, an overseas territory of the United Kingdom.",Jamestown,,,"<img src=""ug-flag-saint_helena.png"" />",,"<img src=""ug-map-saint_helena.png"" />",UG::Africa UG::West_Africa
244,Sint Eustatius,Special municipality of the Netherlands.,Oranjestad,,Special municipality,"<img src=""ug-flag-sint_eustatius.svg"" />",,"<img src=""ug-map-sint_eustatius.png"" />",UG::Caribbean UG::North_America
245,South Ossetia,Independent state claimed by Georgia.,Tskhinvali,,,"<img src=""ug-flag-south_ossetia.svg"" />",,"<img src=""ug-map-south_ossetia.png"" />",UG::Asia UG::Sovereign_State
246,Tokelau,Dependent territory of New Zealand. Tokelau has no official capital; the meeting place of the Tokelau Council rotates annually.,,,,"<img src=""ug-flag-tokelau.svg"" />",,"<img src=""ug-map-tokelau.png"" />",UG::Oceania
247,American Samoa,Unincorporated territory of the United States.,Pago Pago,,,"<img src=""ug-flag-american_samoa.svg"" />",,"<img src=""ug-map-american_samoa.png"" />",UG::Oceania
248,Northern Mariana Islands,Unincorporated territory of the United States.,Saipan,,,"<img src=""ug-flag-northern_mariana_islands.svg"" />",,"<img src=""ug-map-northern_mariana_islands.png"" />",UG::Oceania
249,Aruba,Constituent country of the Kingdom of the Netherlands.,Oranjestad,,Constituent country,"<img src=""ug-flag-aruba.svg"" />",,"<img src=""ug-map-aruba.png"" />",UG::Caribbean UG::North_America
250,Abkhazia,Independent state claimed by Georgia.,Sukhumi,,,"<img src=""ug-flag-abkhazia.svg"" />",,"<img src=""ug-map-abkhazia.png"" />",UG::Europe UG::Sovereign_State
251,Sint Maarten,Constituent country of the Kingdom of the Netherlands.,Philipsburg,,,"<img src=""ug-flag-sint_maarten.svg"" />",,"<img src=""ug-map-sint_maarten.png"" />",UG::Caribbean UG::North_America
252,Republic of Artsakh,"Independent state claimed by Azerbaijan, formerly known as Nagorno-Karabakh.",Stepanakert,,,"<img src=""ug-flag-republic_of_artsakh.svg"" />",,"<img src=""ug-map-republic_of_artsakh.png"" />",UG::Asia UG::Sovereign_State
253,Tonga,,Nuku'alofa,,,"<img src=""ug-flag-tonga.svg"" />",,"<img src=""ug-map-tonga.png"" />",UG::Oceania UG::Sovereign_State
254,Transnistria,Independent state claimed by Moldova.,Tiraspol,,,"<img src=""ug-flag-transnistria.svg"" />",,"<img src=""ug-map-transnistria.png"" />",UG::Europe UG::Sovereign_State
255,Sardinia,Autonomous region of Italy.,Cagliari,,,"<img src=""ug-flag-sardinia.svg"" />",,"<img src=""ug-map-sardinia.png"" />",UG::Europe
256,Kaliningrad Oblast,Oblast (administrative region) of the Russian Federation.,Kaliningrad,,,"<img src=""ug-flag-kaliningrad_oblast.svg"" />",,"<img src=""ug-map-kaliningrad_oblast.png"" />",UG::Europe
257,Martinique,Overseas department of France.,Fort-de-France,,,,,"<img src=""ug-map-martinique.png"" />",UG::Caribbean UG::North_America
258,Java,Island of Indonesia.,,,,,,"<img src=""ug-map-java.png"" />",UG::Asia
259,Corsica,Region of France.,Ajaccio,,,"<img src=""ug-flag-corsica.svg"" />",,"<img src=""ug-map-corsica.png"" />",UG::Europe
260,European Union,,Brussels,"Brussels is the seat of the executive branch, but the European Union has institutions in other European cities.",Not a sovereign country,"<img src=""ug-flag-european_union.svg"" />",,"<img src=""ug-map-european_union.png"" />",UG::Europe
261,Gulf of Mexico,,,,,,,"<img src=""ug-map-gulf_of_mexico.png"" />",UG::Oceans+Seas
262,Philippine Sea,,,,,,,"<img src=""ug-map-philippine_sea.png"" />",UG::Oceans+Seas
263,Southern Ocean,,,,,,,"<img src=""ug-map-southern_ocean-nobox.png"" />",UG::Oceans+Seas
264,Gulf of Thailand,Also known as the Gulf of Siam.,,,,,,"<img src=""ug-map-gulf_of_thailand.png"" />",UG::Oceans+Seas
265,Micronesia,Subregion of Oceania comprising thousands of small islands in the western Pacific Ocean.,,,,,,"<img src=""ug-map-micronesia.png"" />",UG::Oceania
266,Pacific Ocean,,,,,,,"<img src=""ug-map-pacific_ocean-nobox.png"" />",UG::Oceans+Seas
267,Atlantic Ocean,,,,,,,"<img src=""ug-map-atlantic_ocean-nobox.png"" />",UG::Oceans+Seas
268,Indian Ocean,,,,,,,"<img src=""ug-map-indian_ocean-nobox.png"" />",UG::Oceans+Seas
269,Arctic Ocean,,,,,,,"<img src=""ug-map-arctic_ocean-nobox.png"" />",UG::Oceans+Seas
270,Hudson Bay,,,,,,,"<img src=""ug-map-hudson_bay.png"" />",UG::Oceans+Seas
271,Labrador Sea,,,,,,,"<img src=""ug-map-labrador_sea.png"" />",UG::Oceans+Seas
272,White Sea,,,,,,,"<img src=""ug-map-white_sea.png"" />",UG::Oceans+Seas
273,Denmark Strait,,,,,,,"<img src=""ug-map-denmark_strait.png"" />",UG::Oceans+Seas
274,Norwegian Sea,,,,,,,"<img src=""ug-map-norwegian_sea.png"" />",UG::Oceans+Seas
275,Baltic Sea,,,,,,,"<img src=""ug-map-baltic_sea.png"" />",UG::Oceans+Seas
276,Celtic Sea,,,,,,,"<img src=""ug-map-celtic_sea.png"" />",UG::Oceans+Seas
277,English Channel,,,,,,,"<img src=""ug-map-english_channel.png"" />",UG::Oceans+Seas
278,Adriatic Sea,,,,,,,"<img src=""ug-map-adriatic_sea.png"" />",UG::Oceans+Seas
279,Bay of Biscay,,,,,,,"<img src=""ug-map-bay_of_biscay.png"" />",UG::Oceans+Seas
280,Black Sea,,,,,,,"<img src=""ug-map-black_sea.png"" />",UG::Oceans+Seas
281,Aegean Sea,,,,,,,"<img src=""ug-map-aegean_sea.png"" />",UG::Oceans+Seas
282,Balkan Peninsula,,,,,,,"<img src=""ug-map-balkan_peninsula.png"" />",UG::Europe
283,Caspian Sea,,,,,,,"<img src=""ug-map-caspian_sea.png"" />",UG::Oceans+Seas
284,Mediterranean Sea,,,,,,,"<img src=""ug-map-mediterranean_sea.png"" />",UG::Oceans+Seas
285,East Siberian Sea,,,,,,,"<img src=""ug-map-east_siberian_sea.png"" />",UG::Oceans+Seas
286,Bering Strait,,,,,,,"<img src=""ug-map-bering_strait.png"" />",UG::Oceans+Seas
287,Arabian Sea,,,,,,,"<img src=""ug-map-arabian_sea.png"" />",UG::Oceans+Seas
288,Red Sea,,,,,,,"<img src=""ug-map-red_sea.png"" />",UG::Oceans+Seas
289,Dead Sea,,,,,,,"<img src=""ug-map-dead_sea.png"" />",UG::Oceans+Seas
290,Bay of Bengal,,,,,,,"<img src=""ug-map-bay_of_bengal.png"" />",UG::Oceans+Seas
291,Sea of Japan,"A naming dispute exists between the sea's bordering countries, with South Korea notably supporting the name East Sea.",,,,,,"<img src=""ug-map-sea_of_japan.png"" />",UG::Oceans+Seas
292,Yellow Sea,,,,,,,"<img src=""ug-map-yellow_sea.png"" />",UG::Oceans+Seas
293,Coral Sea,,,,,,,"<img src=""ug-map-coral_sea.png"" />",UG::Oceans+Seas
294,South China Sea,,,,,,,"<img src=""ug-map-south_china_sea.png"" />",UG::Oceans+Seas
295,Tasman Sea,,,,,,,"<img src=""ug-map-tasman_sea.png"" />",UG::Oceans+Seas
296,Gulf of Carpentaria,,,,,,,"<img src=""ug-map-gulf_of_carpentaria.png"" />",UG::Oceans+Seas
297,Aral Sea,,,,,,,"<img src=""ug-map-aral_sea.png"" />",UG::Oceans+Seas
298,Persian Gulf,,,,,,,"<img src=""ug-map-persian_gulf.png"" />",UG::Oceans+Seas
299,Caribbean Sea,,,,,,,"<img src=""ug-map-caribbean_sea.png"" />",UG::Oceans+Seas
300,Gulf of California,Also known as the Sea of Cortez.,,,,,,"<img src=""ug-map-gulf_of_california.png"" />",UG::Oceans+Seas
301,Polynesia,Subregion of Oceania comprising thousands of small islands in the central and southern Pacific Ocean.,,,,,,"<img src=""ug-map-polynesia.png"" />",UG::Oceania
302,Melanesia,"Subregion of Oceania, which includes the four countries of Vanuatu, the Solomon Islands, Fiji, and Papua New Guinea.",,,,,,"<img src=""ug-map-melanesia.png"" />",UG::Oceania
303,Scandinavia,"Historical and cultural region in Northern Europe, which includes the countries of Denmark, Norway and Sweden, and sometimes Finland and Iceland.",,,,,,"<img src=""ug-map-scandinavia.png"" />",UG::Europe
304,Sea of Galilee,,,,,,,"<img src=""ug-map-sea_of_galilee.png"" />",UG::Oceans+Seas
305,Sumatra,Island of Indonesia.,,,,,,"<img src=""ug-map-sumatra.png"" />",UG::Asia
306,Mount Athos,"Autonomous orthodox monastic state in northeastern Greece, also known as the Holy Mountain.",Karyes,,,"<img src=""ug-flag-mount_athos.png"" />",,"<img src=""ug-map-mount_athos.png"" />",UG::Europe
307,Sicily,Autonomous region of Italy.,Palermo,,,"<img src=""ug-flag-sicily.svg"" />",,"<img src=""ug-map-sicily.png"" />",UG::Europe
308,Mayotte,Overseas department of France.,Mamoudzou,,,,,"<img src=""ug-map-mayotte.png"" />",UG::Africa UG::East_Africa
309,Réunion,Overseas department of France.,Saint-Denis,,,,,"<img src=""ug-map-reunion.png"" />",UG::Africa UG::East_Africa
310,British Indian Ocean Territory,Overseas territory of the United Kingdom.,Camp Justice,,,"<img src=""ug-flag-british_indian_ocean_territory.svg"" />",,"<img src=""ug-map-british_indian_ocean_territory.png"" />",UG::Africa
311,Falkland Islands,Overseas territory of the United Kingdom.,Stanley,,,"<img src=""ug-flag-falkland_islands.svg"" />",,"<img src=""ug-map-falkland_islands.png"" />",UG::South_America
312,Europe,,,,,,,"<img src=""ug-map-europe-nobox.png"" />",UG::Continents
313,North America,,,,,,,"<img src=""ug-map-north_america-nobox.png"" />",UG::Continents
314,South America,,,,,,,"<img src=""ug-map-south_america-nobox.png"" />",UG::Continents
315,Asia,,,,,,,"<img src=""ug-map-asia-nobox.png"" />",UG::Continents
316,Africa,,,,,,,"<img src=""ug-map-africa-nobox.png"" />",UG::Continents
317,Oceania,,,,,,,"<img src=""ug-map-oceania-nobox.png"" />",UG::Continents
318,Antarctica,,,,,,,"<img src=""ug-map-antarctica-nobox.png"" />",UG::Continents
319,Saint Martin,Overseas territory of France.,Marigot,,,,,"<img src=""ug-map-saint_martin.png"" />",UG::Caribbean UG::North_America
320,Saint Barthélemy,Overseas territory of France.,Gustavia,,,,,"<img src=""ug-map-saint_barthelemy.png"" />",UG::Caribbean UG::North_America
